<?xml version="1.0"?>
<doc>
    <assembly>
        <name>HenE.SocketClient</name>
    </assembly>
    <members>
        <member name="T:HenE.SocketClient.Client">
            <summary>
            class om nieuwe client te creëren.
            stuurt mesaage naar de server.
            Ontvangt mesaage vanuit de server.
            </summary>
        </member>
        <member name="M:HenE.SocketClient.Client.#ctor(System.Net.Sockets.Socket)">
            <summary>
            Initializes a new instance of the <see cref="T:HenE.SocketClient.Client"/> class.
            </summary>
            <param name="client">Een nieuwe client.</param>
        </member>
        <member name="M:HenE.SocketClient.Client.Connect">
            <summary>
            Start de client.
            </summary>
        </member>
        <member name="M:HenE.SocketClient.Client.RequestLoop">
            <summary>
            Laat de klant doorgaan. Mag hier niet sluiten.
            </summary>
        </member>
        <member name="M:HenE.SocketClient.Client.ProcessStream(System.String,System.Net.Sockets.Socket)">
            <summary>
            Handelt de bericht die uit de server komt.
            </summary>
            <param name="message">het bericht die uit de server komt.</param>
            <param name="socket">De client.</param>
        </member>
        <member name="M:HenE.SocketClient.Client.WilTegenComputerSpeln">
            <summary>
            Stelt een vraag aan een speler of hij wil tegen computer spelen.
            </summary>
            <returns>Wil een speler tegen computer spelen of niet.</returns>
        </member>
        <member name="M:HenE.SocketClient.Client.VerzoekOmStartenSpel(System.String,System.Int32,System.String,System.Net.Sockets.Socket)">
            <summary>
            stuurt een berichtje naar de server dat de speler wil spelen.
            </summary>
            <param name="naam">De naam van de speler.</param>
            <param name="dimension">De dimensies van het speelvlak.</param>
            <param name="wilTegenComputerSpelen">Wil tegen computer spelen of niet.</param>
            <param name="socket">De client.</param>
        </member>
        <member name="M:HenE.SocketClient.Client.SetValue(System.String)">
            <summary>
            Zet waarde die we hebben het nodig.De dimension en de naam.
            </summary>
            <param name="naam">De naam van de speler.</param>
        </member>
        <member name="M:HenE.SocketClient.Client.KrijgDimension">
            <summary>
            Vraag de speler om dimension te geven.
            </summary>
            <returns>De dimensies van het speelvlak.</returns>
        </member>
        <member name="M:HenE.SocketClient.Client.ZetTekenCommando(System.String)">
            <summary>
            Stuurt een bericht naar de server er in staat de commando met de teken die de speler heeft gekozen.
            </summary>
            <param name="teken">De teken die de speler heeft gekozen.</param>
        </member>
        <member name="M:HenE.SocketClient.Client.StartHetSpelCommando">
            <summary>
            Maak een bericht dat de speler gaat starten.
            stuurt een bericht naar de server dat de speler gaat starten.
            </summary>
        </member>
        <member name="M:HenE.SocketClient.Client.DoeZetCommando(System.Int32)">
            <summary>
            Maak een bericht dat de speler een inzet deed.
            Stuur het berichtje naar de server.
            </summary>
            <param name="inzet">De inzet.</param>
        </member>
        <member name="M:HenE.SocketClient.Client.WilNieuweRondjeCommando">
            <summary>
            Maakt een bericht dat de speler een nieuw rondje wil doen.
            Stuurt het berichtje naar de server.
            </summary>
        </member>
        <member name="M:HenE.SocketClient.Client.WilNietNieuweRondjeCommando">
            <summary>
            Maakt een nieuwe berichtje dat de speler wil niet mee doen.
            Stuurt het berichtje naar de server.
            </summary>
        </member>
        <member name="M:HenE.SocketClient.Client.Receive">
            <summary>
            Ontvangt een bericht van de server.
            </summary>
        </member>
        <member name="M:HenE.SocketClient.Client.ReceiveCallback(System.IAsyncResult)">
            <summary>
            Read the data.
            </summary>
            <param name="ar">Result ar.</param>
        </member>
        <member name="M:HenE.SocketClient.Client.ThisCheckAnswer">
            <summary>
            Controleert of het antwoord geldig of ongeldig.
            </summary>
            <returns>Is het antwoord geldig of niet.</returns>
        </member>
        <member name="M:HenE.SocketClient.Client.VraagOmEigenTekenTeKiezen">
            <summary>
            Stelt een vraag aan de speler om een teken te kiezen.
            </summary>
            <returns>Wat de speler heeft van teken gekozen.</returns>
        </member>
        <member name="M:HenE.SocketClient.Client.Doezet">
            <summary>
            Vraagt een speler om een nummer te kiezen.
            </summary>
            <returns>Het nummer die de speler heeft gekozen.</returns>
        </member>
        <member name="M:HenE.SocketClient.Client.WilNieuweRonde">
            <summary>
            Vraagt de speler of hij wil een nieuw rondje wil doen.
            </summary>
            <returns>Wil de speler een nieuwe rondje doen of niet.</returns>
        </member>
        <member name="M:HenE.SocketClient.Client.UitVoerNieuwRonde">
            <summary>
            Behande het nieuwe rondje.
            </summary>
        </member>
        <member name="M:HenE.SocketClient.Client.WilNieuweSpel">
            <summary>
            Vraag de speler of hij een nieuwe spel wil spelen.
            </summary>
            <returns>Wil spelen of niet.</returns>
        </member>
        <member name="M:HenE.SocketClient.Client.NieuweSpel">
            <summary>
            Vraagt de speler of hij een nieuw spel wil doen.
            Als je stuur dan de conmmonds naar de server.
            </summary>
        </member>
        <member name="M:HenE.SocketClient.Client.DichtHetWindow">
            <summary>
            Doe het window van de speler dicht, want de speler wil niet meer spelen.
            </summary>
        </member>
        <member name="T:HenE.SocketClient.ColorConsole">
            <summary>
            Klas om de de kleur van de tekst te veranderen.
            </summary>
        </member>
        <member name="M:HenE.SocketClient.ColorConsole.WriteLine(System.ConsoleColor,System.String)">
            <summary>
            Write an new line with a color.
            </summary>
            <param name="color">De nieuwe kleur.</param>
            <param name="tekst">De tekst die de kleur wordt verandert.</param>
        </member>
        <member name="M:HenE.SocketClient.ColorConsole.Write(System.ConsoleColor,System.String)">
            <summary>
            Write an line with a color.
            </summary>
            <param name="color">De nieuwe kleur.</param>
            <param name="tekst">De tekst die de kleur wordt verandert.</param>
        </member>
    </members>
</doc>
