<?xml version="1.0"?>
<doc>
    <assembly>
        <name>HenE.GameVOPR</name>
    </assembly>
    <members>
        <member name="T:HenE.GameVOPR.ComputerSpeler">
            <summary>
            Gaat met de computer om.
            </summary>
        </member>
        <member name="M:HenE.GameVOPR.ComputerSpeler.#ctor(System.String)">
            <summary>
            Initializes a new instance of the <see cref="T:HenE.GameVOPR.ComputerSpeler"/> class.
            </summary>
            <param name="naam">De naam van de speler.</param>
        </member>
        <member name="P:HenE.GameVOPR.ComputerSpeler.IsHumanSpeler">
            <inheritdoc/>
        </member>
        <member name="M:HenE.GameVOPR.ComputerSpeler.DoeZet(System.String,HenE.VierOPEenRij.SpeelVlak,HenE.VierOPEenRij.Game)">
            <inheritdoc/>
        </member>
        <member name="M:HenE.GameVOPR.ComputerSpeler.GeefRandomNummer(HenE.VierOPEenRij.SpeelVlak)">
            <summary>
            Geeft een random nummer.
            </summary>
            <param name="speelVlak">Het speelvlak van het huidige spel.</param>
            <returns>Een random nummer.</returns>
        </member>
        <member name="T:HenE.GameVOPR.Protocol.CommandoHelper">
            <summary>
            Stelt alle delen in een zin samen.
            </summary>
        </member>
        <member name="M:HenE.GameVOPR.Protocol.CommandoHelper.CreëertVerzoekTotDeelnameSpelCommando(System.String,System.Int32,System.String)">
            <summary>
            creëert een message dat de speler wil spelen.
            </summary>
            <param name="naam">De naam van een speler.</param>
            <param name="dimension">De dimension van het speelvlak die de speler wil mee spelen.</param>
            <param name="wilTegenComputerSpelen">Wil Tegen computer spelen of niet.</param>
            <returns>De zien die naar de server gaat sturen met de commando , de naam en de dimension.</returns>
        </member>
        <member name="M:HenE.GameVOPR.Protocol.CommandoHelper.CreeertZetTekenCommando(System.String)">
            <summary>
            Maak een tekst met de commandos en de teken die de speler heeft gekozen.
            </summary>
            <param name="teken">De teken die de speler heeft gekozen.</param>
            <returns>De tekst die naar de server wil sturen.</returns>
        </member>
        <member name="M:HenE.GameVOPR.Protocol.CommandoHelper.CreeertStartHetSpelCommando">
            <summary>
            Maakt een tekst met de commando.
            </summary>
            <returns>De tekst met de start commando.</returns>
        </member>
        <member name="M:HenE.GameVOPR.Protocol.CommandoHelper.CreeertDoeZetCommando(System.String)">
            <summary>
            Creeert een commando met een "Doe zet" value.
            </summary>
            <param name="inzet">inzet.</param>
            <returns>tekst die naar het spel gaat met commando en de inzet.</returns>
        </member>
        <member name="M:HenE.GameVOPR.Protocol.CommandoHelper.CreeertWilNieuweRondje">
            <summary>
            Maak een berichtje dat de speler wil een nieuwe rondje doen.
            </summary>
            <returns>Het berichtje.</returns>
        </member>
        <member name="M:HenE.GameVOPR.Protocol.CommandoHelper.CreeertWilNietRonde">
            <summary>
            Maakt een nieuw bericht dat de speler geen nieuwe rondje wil doen.
            </summary>
            <returns>Het berichtje.</returns>
        </member>
        <member name="T:HenE.VierOPEenRij.Game">
            <summary>
            Gaat over het spel.
            </summary>
        </member>
        <member name="M:HenE.VierOPEenRij.Game.#ctor(System.Int32)">
            <summary>
            Initializes a new instance of the <see cref="T:HenE.VierOPEenRij.Game"/> class.
            </summary>
            <param name="dimension">dimension van het speelvlak.</param>
        </member>
        <member name="P:HenE.VierOPEenRij.Game.GameController">
            <summary>
            Gets the game controller.
            </summary>
        </member>
        <member name="P:HenE.VierOPEenRij.Game.HuidigeSpeler">
            <summary>
            Gets huidige speler.
            </summary>
        </member>
        <member name="P:HenE.VierOPEenRij.Game.SpeelVlak">
            <summary>
            Gets het speelveld van het spel.
            </summary>
        </member>
        <member name="P:HenE.VierOPEenRij.Game.Status">
            <summary>
            Gets het speelveld van het spel.
            </summary>
        </member>
        <member name="P:HenE.VierOPEenRij.Game.Dimension">
            <summary>
            Gets het speelveld van het spel.
            </summary>
        </member>
        <member name="M:HenE.VierOPEenRij.Game.InitialiseerHetSpel(HenE.VierOPEenRij.GameController)">
            <summary>
            Initialisiert  Het Spel.
            change the status of the speler.
            </summary>
            <param name="gameController">De controller van het spel.</param>
        </member>
        <member name="M:HenE.VierOPEenRij.Game.VoegEenControllerToe">
            <summary>
            Voeg een nieuwe controller aan het spel toe.
            </summary>
        </member>
        <member name="M:HenE.VierOPEenRij.Game.StartHetSpel">
            <summary>
            Gaat het spel starten.
            </summary>
        </member>
        <member name="M:HenE.VierOPEenRij.Game.AddHumanSpeler(System.String,System.Net.Sockets.Socket)">
            <summary>
            Voeg een nieuwe speler aan het spel toe.
            </summary>
            <param name="naam">De naam van de nieuwe speler.</param>
            <param name="socket">tcp client van de speler.</param>
            <returns>De nieuwe speler.</returns>
        </member>
        <member name="M:HenE.VierOPEenRij.Game.AddComputerSpeler(System.String)">
            <summary>
            Voeg een nieuwe computer speler aan het spel toe.
            </summary>
            <param name="naam">De naam van de nieuwe speler.</param>
            <returns>De nieuwe speler.</returns>
        </member>
        <member name="M:HenE.VierOPEenRij.Game.ZetSituatie(HenE.VierOPEenRij.Enum.Status)">
            <summary>
            Zet een situatie van het spel.
            </summary>
            <param name="status">de nieuwe situatie van het spel.</param>
        </member>
        <member name="M:HenE.VierOPEenRij.Game.TegenSpeler(HenE.VierOPEenRij.Speler)">
            <summary>
            Geef de tegen huidige speler terug.
            </summary>
            <param name="huidigeSpeler">De huidige speler.</param>
            <returns>Tegen huidige speler.</returns>
        </member>
        <member name="M:HenE.VierOPEenRij.Game.ZetTekenOpSpeelvlak(System.Int32,HenE.VierOPEenRij.SpeelVlak,HenE.VierOPEenRij.Enum.Teken)">
            <summary>
            tekent op het speelvlak het teken die de speler wil inzetten op het speelvlak.
            </summary>
            <param name="inzet">De keuze van de speler.</param>
            <param name="speelVlak">Het speelvalk.</param>
            <param name="teken">Het teken van de speler.</param>
        </member>
        <member name="M:HenE.VierOPEenRij.Game.HeeftGewonnen(HenE.VierOPEenRij.SpeelVlak,HenE.VierOPEenRij.Enum.Teken)">
            <summary>
            Check of de speler heeft gewonnen of niet.
            </summary>
            <param name="speelVlak">Het speelvlak.</param>
            <param name="teken">De teken van de speler die zal nagaan.</param>
            <returns>Heeft vier op een rij of niet.</returns>
        </member>
        <member name="M:HenE.VierOPEenRij.Game.GetSpelers">
            <summary>
            Geeft de spelers van het spel terug.
            </summary>
            <returns>Lijst van speler.</returns>
        </member>
        <member name="M:HenE.VierOPEenRij.Game.ZetHuidigeSpeler(HenE.VierOPEenRij.Speler)">
            <summary>
            zet de huidige speler.
            </summary>
            <param name="speler">De speler die zal starten.</param>
        </member>
        <member name="M:HenE.VierOPEenRij.Game.DoeInzet(System.String,System.Net.Sockets.Socket)">
            <summary>
            Stuurt het inzet van de inzet die de speler heeft gekozen naar de speler om te handlen.
            </summary>
            <param name="inzet">de inzet.</param>
            <param name="socket">De tcp client van de speler.</param>
            <returns>Het nummer die de speler hem heeft gekozen.</returns>
        </member>
        <member name="M:HenE.VierOPEenRij.Game.GetInzet(HenE.VierOPEenRij.Speler)">
            <summary>
            Krijgt de inzet van een speler.
            </summary>
            <param name="speler">Een speler.</param>
            <returns>De inzet van deze speler.</returns>
        </member>
        <member name="M:HenE.VierOPEenRij.Game.GetSpelerViaTcp(System.Net.Sockets.Socket)">
            <summary>
            Geeft de speler terug via zijn tcp client.
            </summary>
            <param name="socket">De tcp client van de pseler.</param>
            <returns>een speler.</returns>
        </member>
        <member name="M:HenE.VierOPEenRij.Game.BestaatDezeNaam(System.String)">
            <summary>
            Controleert of de huidige speler al de zelfde naam heeft of niet.
            </summary>
            <param name="naam">De naam van de nieuwe speler.</param>
            <returns>bestaat deze naam al of niet.</returns>
        </member>
        <member name="M:HenE.VierOPEenRij.Game.TekenenBehandl(System.Net.Sockets.Socket,HenE.VierOPEenRij.Enum.Teken)">
            <summary>
            Geeft de speler eigen teken die hij het nodig heeft om te spelen.
            </summary>
            <param name="socket">De client van de speler.</param>
            <param name="tekenVanSpeler">De teken die de speler heeft gekozen.</param>
            <returns>De naam van de speler.</returns>
        </member>
        <member name="M:HenE.VierOPEenRij.Game.VerWijdertEenSpeler(HenE.VierOPEenRij.Speler)">
            <summary>
            Verwijdert Een speler van het spel.
            </summary>
            <param name="speler">De speler die wordt verwijderd.</param>
        </member>
        <member name="M:HenE.VierOPEenRij.Game.ZetEenTekenVoorAnderSpeler(HenE.VierOPEenRij.Speler,HenE.VierOPEenRij.Enum.Teken)">
            <summary>
            Geeft de andere speler een teken.
            </summary>
            <param name="speler">Een speler.</param>
            <param name="teken">De teken van de speler.</param>
        </member>
        <member name="M:HenE.VierOPEenRij.Game.TegenDezeTeken(HenE.VierOPEenRij.Enum.Teken)">
            <summary>
            Geeft tegen de huidige teken terug.
            </summary>
            <param name="teken">De huidige teken.</param>
            <returns>De tegen van de huidige teken.</returns>
        </member>
        <member name="T:HenE.VierOPEenRij.HumanSpeler">
            <summary>
            Gaat over de Humanspeler.
            </summary>
        </member>
        <member name="M:HenE.VierOPEenRij.HumanSpeler.#ctor(System.String,System.Net.Sockets.Socket)">
            <summary>
            Initializes a new instance of the <see cref="T:HenE.VierOPEenRij.HumanSpeler"/> class.
            </summary>
            <param name="naam">De naam van een speler.</param>
            <param name="socket">De tcp client van de humen speler.</param>
        </member>
        <member name="P:HenE.VierOPEenRij.HumanSpeler.IsHumanSpeler">
            <inheritdoc/>
        </member>
        <member name="P:HenE.VierOPEenRij.HumanSpeler.HuidigeInZet">
            <summary>
            Gets inzet van een speler.
            </summary>
        </member>
        <member name="P:HenE.VierOPEenRij.HumanSpeler.TcpClient">
            <summary>
            Gets de clients van de spelrs.
            </summary>
        </member>
        <member name="M:HenE.VierOPEenRij.HumanSpeler.DoeZet(System.String,HenE.VierOPEenRij.SpeelVlak,HenE.VierOPEenRij.Game)">
            <inheritdoc/>
        </member>
        <member name="T:HenE.VierOPEenRij.SpeelVlak">
            <summary>
            Klas om speelvlak te teken.
            Reset het speelvlak.
            controleert of heeft speler gewonnen.
            </summary>
        </member>
        <member name="M:HenE.VierOPEenRij.SpeelVlak.#ctor(System.Int32)">
            <summary>
            Initializes a new instance of the <see cref="T:HenE.VierOPEenRij.SpeelVlak"/> class.
            </summary>
            <param name="dimension">De grootte van het speelvlak.</param>
        </member>
        <member name="P:HenE.VierOPEenRij.SpeelVlak.Dimension">
            <summary>
            Gets dimension of the speelvlak.
            </summary>
        </member>
        <member name="M:HenE.VierOPEenRij.SpeelVlak.TekenSpeelvlak">
            <summary>
            Teken het speelvlak.
            </summary>
            <returns>de speelvlak.</returns>
        </member>
        <member name="M:HenE.VierOPEenRij.SpeelVlak.ResetSpeelVlak">
            <summary>
            Reset the table.
            </summary>
        </member>
        <member name="M:HenE.VierOPEenRij.SpeelVlak.ResetVeld(System.Int32,System.Int32)">
            <summary>
            Reset one cell.
            </summary>
            <param name="rij">Het nummer  van de rij.</param>
            <param name="column">Het nummer van de column.</param>
        </member>
        <member name="M:HenE.VierOPEenRij.SpeelVlak.MagInzetten(System.Int32)">
            <summary>
            Check of de column nog een vrij veld heeft of niet.
            </summary>
            <param name="columnNummer">De nummer van de column waar de method door loopt.</param>
            <returns>Heeft deze column een vrij veld of niet.</returns>
        </member>
        <member name="M:HenE.VierOPEenRij.SpeelVlak.IsSpeelvlakVol">
            <summary>
            Check of het speelvlak vol of nog niet helemaal is.
            </summary>
            <returns>Is het speelvlak vol of nog niet.</returns>
        </member>
        <member name="M:HenE.VierOPEenRij.SpeelVlak.ZetTekenOpSpeelvlak(System.Int32,HenE.VierOPEenRij.Enum.Teken)">
            <summary>
            Zet de teken op het speelvlak.
            </summary>
            <param name="inzet">Waar de speler wil zetten.</param>
            <param name="teken">De teken van de speler.</param>
            <returns>Het nummer in de kolom die wordt gebruiken om teken te zetten.</returns>
        </member>
        <member name="M:HenE.VierOPEenRij.SpeelVlak.HeeftGewonnen(HenE.VierOPEenRij.Enum.Teken)">
            <summary>
            controleert of het speelvlak heeft het zelfde teken op vier velden.
            </summary>
            <param name="teken">De teken.</param>
            <returns>Heeft de speler gewonnen of niet.</returns>
        </member>
        <member name="M:HenE.VierOPEenRij.SpeelVlak.ZijnErVierTekenGelijkInEenRij(System.Int32,HenE.VierOPEenRij.Enum.Teken)">
            <summary>
            controleer of de rij heeft het zelfde teken.
            </summary>
            <param name="rij">Het loopt door dezen nummer.</param>
            <param name="teken">teken.</param>
            <returns>Heeft de functie vier vilden zijn gelijk of niet.</returns>
        </member>
        <member name="M:HenE.VierOPEenRij.SpeelVlak.ZijnErVierTekenGelijkInEenKolom(System.Int32,HenE.VierOPEenRij.Enum.Teken)">
            <summary>
            Controleert of de er zijn vier teken in de kolom zijn gelijk.
            </summary>
            <param name="kolomNummer">Het nummer van de kolom.</param>
            <param name="teken">De teken die wordt gecontroleerd.</param>
            <returns>Heeft de functie vier vilden zijn gelijk of niet.</returns>
        </member>
        <member name="M:HenE.VierOPEenRij.SpeelVlak.ControleertRichtsbovenNaarLinksOnder(HenE.VierOPEenRij.Enum.Teken)">
            <summary>
            Controleert of de speler heeft vier op een rij vanaf richtboven naar links onder.
            </summary>
            <param name="teken">De teken die wordt gecontroleerd.</param>
            <returns>Heeft vier op een rij of niet.</returns>
        </member>
        <member name="M:HenE.VierOPEenRij.SpeelVlak.ControleertLinksBovenNaarRichtsOnder(HenE.VierOPEenRij.Enum.Teken)">
            <summary>
            Controleert of de speler heeft vier op een rij van af links boven naar richt onder.
            </summary>
            <param name="teken">De teken die wordt gecontroleerd.</param>
            <returns>Heeft vier op een rij of niet.</returns>
        </member>
        <member name="T:HenE.VierOPEenRij.Speler">
            <summary>
            Vraagt de speler om inzet te doen.
            Vraag de speler om naam te geven.
            </summary>
        </member>
        <member name="M:HenE.VierOPEenRij.Speler.#ctor(System.String)">
            <summary>
            Initializes a new instance of the <see cref="T:HenE.VierOPEenRij.Speler"/> class.
            </summary>
            <param name="naam">De naam van de speler.</param>
        </member>
        <member name="P:HenE.VierOPEenRij.Speler.GebruikTeken">
            <summary>
            Gets or sets Teken van de speler.
            </summary>
        </member>
        <member name="P:HenE.VierOPEenRij.Speler.Naam">
            <summary>
            Gets de naam van de speler.
            </summary>
        </member>
        <member name="P:HenE.VierOPEenRij.Speler.IsHumanSpeler">
            <summary>
            Gets a value indicating whether als de speler is human.
            </summary>
        </member>
        <member name="P:HenE.VierOPEenRij.Speler.SpelerSituatie">
            <summary>
            Gets or sets het situatie van een speler.
            </summary>
        </member>
        <member name="M:HenE.VierOPEenRij.Speler.ChangeStatus(HenE.VierOPEenRij.Enum.Status)">
            <summary>
            Verandert het situatie van een speler.
            </summary>
            <param name="status">Het nieuwe situatie.</param>
        </member>
        <member name="M:HenE.VierOPEenRij.Speler.DoeZet(System.String,HenE.VierOPEenRij.SpeelVlak,HenE.VierOPEenRij.Game)">
            <summary>
            Vraag de speler om een zet te doen.
            </summary>
            <param name="inzet">De inzet.</param>
            <param name="speelVlak">Speelvlak van het spel.</param>
            <param name="game">Game.</param>
            <returns>Het nummer die de speler wil inzetten.</returns>
        </member>
        <member name="M:HenE.VierOPEenRij.Speler.ZetTeken(HenE.VierOPEenRij.Enum.Teken)">
            <summary>
            Zet een teken die de speler het gaat gebruiken.
            </summary>
            <param name="teken">De teken.</param>
        </member>
        <member name="T:HenE.VierOPEenRij.Enum.EnumHelperl">
            <summary>
            helpt de situatie.
            </summary>
        </member>
        <member name="M:HenE.VierOPEenRij.Enum.EnumHelperl.EnumConvert``1(System.String)">
            <summary>
            Omzetten de message van string tot een enum.
            </summary>
            <param name="value">De situatie als string.</param>
            <returns>Geeft de situatie terug.</returns>
        </member>
        <member name="T:HenE.VierOPEenRij.Enum.Status">
            <summary>
            Situatie van een speler.
            </summary>
        </member>
        <member name="F:HenE.VierOPEenRij.Enum.Status.Undefined">
            <summary>
            als de speler heeft nog geen situatie.
            </summary>
        </member>
        <member name="F:HenE.VierOPEenRij.Enum.Status.Gestart">
            <summary>
            Als de speler wel gestart.
            </summary>
        </member>
        <member name="F:HenE.VierOPEenRij.Enum.Status.Wachten">
            <summary>
            Als de speler wacht op andere speler.
            </summary>
        </member>
        <member name="F:HenE.VierOPEenRij.Enum.Status.Gestopt">
            <summary>
            Als de speler is gestopt.
            </summary>
        </member>
        <member name="F:HenE.VierOPEenRij.Enum.Status.WachtOpReactie">
            <summary>
            Wachten op een een reactie.
            </summary>
        </member>
        <member name="F:HenE.VierOPEenRij.Enum.Status.InHetSpel">
            <summary>
            bezig bij het spel.
            </summary>
        </member>
        <member name="T:HenE.VierOPEenRij.Enum.Teken">
            <summary>
            Have de tekeningen van het spel die de speler heeft nogdig om te inzetten.
            </summary>
        </member>
        <member name="F:HenE.VierOPEenRij.Enum.Teken.Undefined">
            <summary>
            Is undefinite teken.
            </summary>
        </member>
        <member name="F:HenE.VierOPEenRij.Enum.Teken.O">
            <summary>
            De O teken.
            </summary>
        </member>
        <member name="F:HenE.VierOPEenRij.Enum.Teken.X">
            <summary>
            De X teken.
            </summary>
        </member>
        <member name="T:HenE.VierOPEenRij.GameController">
            <summary>
            Doet controle op het spel.
            </summary>
        </member>
        <member name="M:HenE.VierOPEenRij.GameController.#ctor(HenE.VierOPEenRij.Game)">
            <summary>
            Initializes a new instance of the <see cref="T:HenE.VierOPEenRij.GameController"/> class.
            </summary>
            <param name="gameVierOpEenRij">Game.</param>
        </member>
        <member name="M:HenE.VierOPEenRij.GameController.GameStart">
            <summary>
            Start het spel.
            </summary>
        </member>
        <member name="M:HenE.VierOPEenRij.GameController.NieuwRonde">
            <summary>
            Start een nieuw Rindje.
            </summary>
        </member>
        <member name="M:HenE.VierOPEenRij.GameController.DoeInzet(HenE.VierOPEenRij.Speler)">
            <summary>
            ask de speler om inzet te doen.
            </summary>
            <param name="speler">De speler die een vraag heeft gekregen. Dus hij moet een inzet doen.</param>
        </member>
        <member name="M:HenE.VierOPEenRij.GameController.ProcessStream(System.String,System.Net.Sockets.Socket)">
            <inheritdoc/>
        </member>
        <member name="M:HenE.VierOPEenRij.GameController.SendEenBericht(HenE.VierOPEenRij.Protocol.Events,System.String,HenE.VierOPEenRij.Speler)">
            <summary>
            Controleert of de speler is humanspeler.
            Als de speler human speler is dan stuur een bericht naar deze speler.
            </summary>
            <param name="events">De event.</param>
            <param name="message">De bericht die naar de humam speler gaat sturen.</param>
            <param name="speler">De speler die een bericht zal ontvangen.</param>
        </member>
        <member name="M:HenE.VierOPEenRij.GameController.StuurBrichtNaarSpelers(HenE.VierOPEenRij.Protocol.Events,System.String,HenE.VierOPEenRij.Speler)">
            <summary>
            stuurt een bericht naar elke speler.
            </summary>
            <param name="events">De event.</param>
            <param name="msg">Het bericht die naar een speler wordt gestuurd.</param>
            <param name="huidigeSpeler">De huidige speler.</param>
        </member>
        <member name="T:HenE.VierOPEenRij.Interface.ICanHandelen">
            <summary>
            interface waar de handeler de stream gaat handelen.
            </summary>
        </member>
        <member name="M:HenE.VierOPEenRij.Interface.ICanHandelen.StreamOntvanger(System.String,System.Net.Sockets.Socket)">
            <summary>
            Ontvangt de stream.
            controleert de stream.
            </summary>
            <param name="streamk">De stream die van een persoon komt.</param>
            <param name="socket">De tcp client van een speler.</param>
            <returns>De events.</returns>
        </member>
        <member name="M:HenE.VierOPEenRij.Interface.ICanHandelen.SplitsDeStream(System.String,System.Net.Sockets.Socket)">
            <summary>
            Functie om de stream te splitsen.
            </summary>
            <param name="stream">De stream die van een persoon komt.</param>
            <param name="socket">De tcp client van een speler.</param>
            <returns>De events.</returns>
        </member>
        <member name="T:HenE.VierOPEenRij.Protocol.Commandos">
            <summary>
            Hier staan de Commandos van het spel.
            </summary>
        </member>
        <member name="F:HenE.VierOPEenRij.Protocol.Commandos.VerzoekTotDeelnemenSpel">
            <summary>
            Zoek naar andere speler.
            </summary>
        </member>
        <member name="F:HenE.VierOPEenRij.Protocol.Commandos.Wachten">
            <summary>
            Als de speler moet wachten.
            </summary>
        </member>
        <member name="F:HenE.VierOPEenRij.Protocol.Commandos.Starten">
            <summary>
            Als het spelen mag starten.
            </summary>
        </member>
        <member name="F:HenE.VierOPEenRij.Protocol.Commandos.ZetTeken">
            <summary>
            Doe de teken.
            </summary>
        </member>
        <member name="F:HenE.VierOPEenRij.Protocol.Commandos.DoeZet">
            <summary>
            Commando om de inzet van human speler naar het spel te sturen.
            </summary>
        </member>
        <member name="F:HenE.VierOPEenRij.Protocol.Commandos.NieuwRonde">
            <summary>
            De speler wil een nieuw ronde doen.
            </summary>
        </member>
        <member name="F:HenE.VierOPEenRij.Protocol.Commandos.WilNietNieuweRonde">
            <summary>
            De speler wil niet een nieuwe rondje doen.
            </summary>
        </member>
        <member name="T:HenE.VierOPEenRij.Protocol.Events">
            <summary>
            Hier staan de events van het spel.
            </summary>
        </member>
        <member name="F:HenE.VierOPEenRij.Protocol.Events.GecreeerdSpel">
            <summary>
            Het spel wordt gecreëerd.
            </summary>
        </member>
        <member name="F:HenE.VierOPEenRij.Protocol.Events.SpelerInvoegde">
            <summary>
            Tweede speler heeft ingevoegd.
            </summary>
        </member>
        <member name="F:HenE.VierOPEenRij.Protocol.Events.Gestart">
            <summary>
            Het spel is gestart.
            </summary>
        </member>
        <member name="F:HenE.VierOPEenRij.Protocol.Events.BordGetekend">
            <summary>
            Bord getekend.
            </summary>
        </member>
        <member name="F:HenE.VierOPEenRij.Protocol.Events.TekenIngezet">
            <summary>
            Als de teken heeft ingezet.
            </summary>
        </member>
        <member name="F:HenE.VierOPEenRij.Protocol.Events.JeRol">
            <summary>
            De speler is in de buurt.
            </summary>
        </member>
        <member name="F:HenE.VierOPEenRij.Protocol.Events.OngeldigInzet">
            <summary>
            Als de speler mag niet deze nummer gebruiken.
            </summary>
        </member>
        <member name="F:HenE.VierOPEenRij.Protocol.Events.Wachten">
            <summary>
            Als de speler moet wachten.
            </summary>
        </member>
        <member name="F:HenE.VierOPEenRij.Protocol.Events.HetBordVolGeworden">
            <summary>
            Het bord vol geworden.
            </summary>
        </member>
        <member name="F:HenE.VierOPEenRij.Protocol.Events.HeeftGewonnen">
            <summary>
            Een speler heeft gewonnen.
            </summary>
        </member>
        <member name="F:HenE.VierOPEenRij.Protocol.Events.TegenSpelerVerlaten">
            <summary>
            De tegenspeler heeft het spel verlaten.
            </summary>
        </member>
        <member name="F:HenE.VierOPEenRij.Protocol.Events.SpelGestopt">
            <summary>
            Het spel is gestopt.
            </summary>
        </member>
        <member name="F:HenE.VierOPEenRij.Protocol.Events.HeeftGewonnenTegen">
            <summary>
            De tegen heeft gewonnen.
            </summary>
        </member>
        <member name="F:HenE.VierOPEenRij.Protocol.Events.SpelVerwijderd">
            <summary>
            Het spel is verwijderd.
            </summary>
        </member>
        <member name="F:HenE.VierOPEenRij.Protocol.Events.NaamVeranderd">
            <summary>
            Als de naam van een speler is veranderd dan laat hem dat weten.
            </summary>
        </member>
        <member name="F:HenE.VierOPEenRij.Protocol.Events.WachtOPReactie">
            <summary>
            Wachten of een reactie.
            </summary>
        </member>
        <member name="F:HenE.VierOPEenRij.Protocol.Events.WachtenNieuweSpeler">
            <summary>
            Als de tegenspeler heeft het huidig spel verlaten en de speler wil nog spelen dan laat hem weten dat
            hij moet op nieuwe speler wachten.
            </summary>
        </member>
        <member name="F:HenE.VierOPEenRij.Protocol.Events.SpelGevonden">
            <summary>
            Als er een spel heeft gevonden.
            </summary>
        </member>
        <member name="T:HenE.GameVierOpEenRij.Handler">
            <summary>
            gaat de stream die van een speler komt behandelen.
            </summary>
        </member>
        <member name="M:HenE.GameVierOpEenRij.Handler.StreamOntvanger(System.String,System.Net.Sockets.Socket)">
            <inheritdoc/>
        </member>
        <member name="M:HenE.GameVierOpEenRij.Handler.GetSpellen">
            <summary>
            Geeft de lijst van de spellen terug.
            </summary>
            <returns>Lijst van de spellen.</returns>
        </member>
        <member name="M:HenE.GameVierOpEenRij.Handler.DeleteGame(HenE.VierOPEenRij.Game)">
            <summary>
            Verwijdert het spel.
            </summary>
            <param name="game">Het game die gaat verwijderen.</param>
        </member>
        <member name="M:HenE.GameVierOpEenRij.Handler.SplitsDeStream(System.String,System.Net.Sockets.Socket)">
            <inheritdoc/>
        </member>
        <member name="M:HenE.GameVierOpEenRij.Handler.Handel(System.String,System.String,System.String,System.Net.Sockets.Socket)">
            <summary>
            Hande de data.
            Is de dimension tussen grens? Als ja dan stuur de data door.
            als de dimenion niet tussen de grens is dan stuur de data niet door.
            </summary>
            <param name="naam">De naam van de speler.</param>
            <param name="dim">De dimension die de speler wil mee doen.</param>
            <param name="wilTegenComputerSpelen">Wil de speler tegen computer of niet.</param>
            <param name="socket">De tcp client van een speler.</param>
            <returns>De event.</returns>
        </member>
        <member name="M:HenE.GameVierOpEenRij.Handler.ConvertToNumber(System.String)">
            <summary>
            Change the string to int.
            </summary>
            <param name="dimension">Dimension als string.</param>
            <returns>Dimension.</returns>
        </member>
        <member name="M:HenE.GameVierOpEenRij.Handler.ConvertBoolea(System.String)">
            <summary>
            change the text to boolean.
            </summary>
            <param name="wilTegenComputerSpelen">De text die veranderd wordt.</param>
            <returns>Wil tegen computer of niet.</returns>
        </member>
        <member name="T:HenE.ServerSocket.SpelHandler">
            <summary>
            class om het spel te behandelen.
            </summary>
        </member>
        <member name="M:HenE.ServerSocket.SpelHandler.#ctor">
            <summary>
            Initializes a new instance of the <see cref="T:HenE.ServerSocket.SpelHandler"/> class.
            </summary>
        </member>
        <member name="M:HenE.ServerSocket.SpelHandler.CreerenEenSpel(System.Int32)">
            <summary>
            Ceéren een nieuwe spel.
            </summary>
            <param name="dimension">De dimension van de nieuwe spel.</param>
            <returns>Een nieuwe spel.</returns>
        </member>
        <member name="M:HenE.ServerSocket.SpelHandler.SpelHandlen(System.String,System.Int32,System.Boolean,System.Net.Sockets.Socket)">
            <summary>
            Voeg een nieuwe speler toe.
            Verandert de situatie van een speler.
            </summary>
            <param name="naam">De naam van een nieuwe speler.</param>
            <param name="dimension">De dimension die de speler mee wil spelen.</param>
            <param name="wilTegenComputerSpelen">Als de speler wil tegen computer spelen of niet.</param>
            <param name="socket">De tcp client van de speler.</param>
            <returns>Mag de speler starten of wachte.</returns>
        </member>
        <member name="M:HenE.ServerSocket.SpelHandler.GetSpellen">
            <summary>
            Geeft de lijst van de spellen terug geven.
            </summary>
            <returns>De list van de spellen.</returns>
        </member>
        <member name="M:HenE.ServerSocket.SpelHandler.DeleteGame(HenE.VierOPEenRij.Game)">
            <summary>
            Verwijdert een spel.
            </summary>
            <param name="game">Het game die zal verwijderen.</param>
        </member>
        <member name="M:HenE.ServerSocket.SpelHandler.GetGameByDimensionAndStatus(System.Int32)">
            <summary>
            Zoekt naar een spel die de zelfde dimension en wachte situatie heeft.
            </summary>
            <param name="dimension">De dimension van de nieuwe spel. zoekt bij de spellen of er zijn een spel die de zelfde dimension heeft.</param>
            <returns>De spel die een speler er mee mag starten.</returns>
        </member>
    </members>
</doc>
